{
    "name": "drone_state",
    "inertia": [
      0.001373,
      0.001834,
      0.000867
    ],
    "mass": 0.671,
    "quad_drag_coeffs": [
        0.5,
        0.5,
        0.5
    ],
    "linear_drag_coeffs": [
        0.005,
        0.005,
        0.00575
    ],
    "cross_sections": [
      0.01,
      0.01,
      0.03
    ],
    "max_rate": 1.0,
    "max_spd": 10.0,
    "max_pos": 10.0,
    "max_acc": 2.0,
    "BODYRAYE_PID": {
      "p": [
        [
          40.0,
          0,
          0
        ],
        [
          0,
          47.6,
          0
        ],
        [
          0,
          0,
          30.0
        ]
      ],
      "i": [
        [
        0.0,
        0,
        0
      ],
      [
        0,
        0,
        0
      ],
      [
        0,
        0,
        0
      ]
    ],
      "d": [
        [
        0.00025,
        0,
        0
      ],
      [
        0,
        0.0003,
        0
      ],
      [
        0,
        0,
        0.0001
      ]
    ]
    },
    "VELOCITY_PID": {
      "p": 3.0,
      "i": 0.01,
      "d": 0.7
    },
    "POSITION_PID": {
      "p": 1,
      "i": 0.01,
      "d": 0.25
    },
    "arm_length": 0.075,
    "kappa": 0.016,
    "motor_omega_max": 3500,
    "motor_omega_min": 200,
    "motor_tau": 0.033,
    "thrust_map": [
      4.0426e-07,
      2.5583e-05,
      -0.026215
    ],
    "_comment_": [
      "kappa: drag coefficient"
    ]
  }